date,count,total_count,ratio
2022-05-20,6,5529,0.0010851871947911015
2022-05-21,5,4183,0.0011953143676786994
2022-05-22,7,3921,0.0017852588625350675
2022-05-23,9,5659,0.001590386994168581
2022-05-24,0,6168,0
2022-05-25,5,6297,0.0007940289026520565
2022-05-26,2,6423,0.00031138097462245055
2022-05-27,2,6769,0.0002954646181119811
2022-05-28,6,4740,0.0012658227848101266
2022-05-29,4,4630,0.0008639308855291577
2022-05-30,4,7024,0.0005694760820045558
2022-05-31,3,7109,0.0004220002813335209
2022-06-01,4,7145,0.0005598320503848845
2022-06-02,6,7082,0.0008472182999152782
2022-06-03,4,6993,0.000572000572000572
2022-06-04,3,4656,0.0006443298969072165
2022-06-05,3,4430,0.0006772009029345372
2022-06-06,3,6638,0.00045194335643266047
2022-06-07,7,6954,0.0010066148979004888
2022-06-08,4,6593,0.0006067040800849386
2022-06-09,3,5943,0.0005047955577990914
2022-06-10,4,6808,0.0005875440658049354
2022-06-11,4,4682,0.0008543357539513029
2022-06-12,5,4423,0.0011304544426859599
2022-06-13,4,5837,0.0006852835360630461
2022-06-14,3,6951,0.00043159257660768235
2022-06-15,5,7000,0.0007142857142857143
2022-06-16,3,7010,0.00042796005706134097
2022-06-17,7,6754,0.001036422860527095
2022-06-18,6,4490,0.0013363028953229399
2022-06-19,3,4470,0.0006711409395973154
2022-06-20,1,6759,0.00014795088030773783
2022-06-21,3,6946,0.0004319032536711777
2022-06-22,3,6949,0.00043171679378327816
2022-06-23,5,7114,0.0007028394714647174
2022-06-24,7,6756,0.0010361160449970396
2022-06-25,2,4541,0.0004404316229905307
2022-06-26,4,4523,0.0008843687817820031
2022-06-27,5,6611,0.0007563152321887763
2022-06-28,3,6870,0.0004366812227074236
2022-06-29,5,6741,0.0007417297136923305
2022-06-30,5,6898,0.0007248477819657872
2022-07-01,3,6838,0.0004387247733255338
2022-07-02,4,4454,0.000898069151324652
2022-07-03,6,4325,0.0013872832369942196
2022-07-04,8,6579,0.0012159902720778233
2022-07-05,2,6974,0.00028677946659019213
2022-07-06,2,6900,0.0002898550724637681
2022-07-07,5,6925,0.0007220216606498195
2022-07-08,4,6645,0.0006019563581640331
2022-07-09,2,4679,0.00042744176106005556
2022-07-10,2,4353,0.00045945325063174823
2022-07-11,1,6574,0.000152114390021296
2022-07-12,2,6705,0.0002982848620432513
2022-07-13,1,6802,0.00014701558365186709
2022-07-14,6,6723,0.000892458723784025
2022-07-15,3,6443,0.0004656216048424647
2022-07-16,0,4275,0
2022-07-17,3,4137,0.0007251631617113851
2022-07-18,5,6435,0.000777000777000777
2022-07-19,2,6838,0.0002924831822170225
2022-07-20,2,6789,0.0002945941964943291
2022-07-21,3,6688,0.0004485645933014354
2022-07-22,1,6232,0.00016046213093709883
2022-07-23,3,4338,0.0006915629322268327
2022-07-24,4,4215,0.0009489916963226571
2022-07-25,3,6399,0.00046882325363338024
2022-07-26,2,6751,0.0002962524070508073
2022-07-27,2,6751,0.0002962524070508073
2022-07-28,2,6706,0.00029824038174768865
2022-07-29,2,6292,0.0003178639542275906
2022-07-30,2,4408,0.00045372050816696913
2022-07-31,4,4290,0.0009324009324009324
2022-08-01,1,6443,0.0001552072016141549
2022-08-02,1,6261,0.00015971889474524837
2022-08-03,2,6507,0.0003073613032119256
2022-08-04,0,8440,0
2022-08-05,3,6122,0.0004900359359686377
2022-08-06,1,3710,0.00026954177897574127
2022-08-07,4,3619,0.0011052777010223818
2022-08-08,3,5143,0.00058331713007972
2022-08-09,2,5406,0.0003699593044765076
2022-08-10,4,5736,0.000697350069735007
2022-08-11,1,5494,0.00018201674554058973
2022-08-12,0,5109,0
2022-08-13,2,3684,0.0005428881650380022
2022-08-14,2,3614,0.0005534034311012728
2022-08-15,4,5363,0.0007458512026850643
2022-08-16,5,5707,0.0008761170492377782
2022-08-17,1,5733,0.00017442874585731728
2022-08-18,6,6100,0.0009836065573770492
2022-08-19,3,6261,0.0004791566842357451
2022-08-20,4,4439,0.0009011038522189682
2022-08-21,4,4397,0.0009097111667045713
2022-08-22,6,6387,0.0009394081728511038
2022-08-23,4,6875,0.0005818181818181818
2022-08-24,6,6821,0.0008796364169476617
2022-08-25,2,6717,0.0002977519726068185
2022-08-26,4,5952,0.0006720430107526882
2022-08-27,3,3877,0.0007737941707505803
2022-08-28,4,3763,0.0010629816635663034
2022-08-29,0,5195,0
2022-08-30,2,5713,0.00035007876772273763
2022-08-31,4,6829,0.0005857372968223752
2022-09-01,0,6900,0
2022-09-02,3,6476,0.00046324891908585547
2022-09-03,0,4003,0
2022-09-04,2,3568,0.0005605381165919282
2022-09-05,3,5555,0.00054005400540054
2022-09-06,3,5773,0.0005196604884808592
2022-09-07,3,5704,0.0005259467040673212
2022-09-08,6,5710,0.0010507880910683013
2022-09-09,4,5290,0.0007561436672967864
2022-09-10,4,3727,0.0010732492621411322
2022-09-11,2,3701,0.0005403944879762226
2022-09-12,3,5413,0.0005542213190467394
2022-09-13,4,5738,0.0006971070059254096
2022-09-14,4,5548,0.0007209805335255948
2022-09-15,5,5489,0.0009109127345600292
2022-09-16,2,5350,0.00037383177570093456
2022-09-17,4,3693,0.001083130246412131
2022-09-18,4,3459,0.0011564035848511131
2022-09-19,4,5368,0.0007451564828614009
2022-09-20,5,5721,0.0008739730816290859
2022-09-21,6,5759,0.0010418475429762111
2022-09-22,5,5755,0.0008688097306689834
2022-09-23,3,5273,0.0005689360895126114
2022-09-24,1,3559,0.0002809778027535825
2022-09-25,2,3612,0.0005537098560354374
2022-09-26,2,5276,0.0003790750568612585
2022-09-27,5,5685,0.0008795074758135445
2022-09-28,1,5708,0.0001751927119831815
2022-09-29,3,5738,0.0005228302544440571
2022-09-30,5,5791,0.0008634087376964255
2022-10-01,4,3663,0.001092001092001092
2022-10-02,3,3484,0.0008610792192881745
2022-10-03,1,5195,0.00019249278152069297
2022-10-04,1,5532,0.00018076644974692697
2022-10-05,1,5512,0.000181422351233672
2022-10-06,2,5685,0.00035180299032541777
2022-10-07,2,5417,0.00036920804873546244
2022-10-08,2,3754,0.0005327650506126798
2022-10-09,4,3480,0.0011494252873563218
2022-10-10,1,5571,0.0001795009872554299
2022-10-11,5,6052,0.0008261731658955717
2022-10-12,5,6958,0.0007185972980741593
2022-10-13,4,6917,0.0005782853838369235
2022-10-14,5,6354,0.0007869058860560277
2022-10-15,2,4339,0.0004609356994699239
2022-10-16,1,4144,0.00024131274131274132
2022-10-17,2,6601,0.0003029843963035904
2022-10-18,2,7083,0.00028236622899901174
2022-10-19,3,7131,0.00042069835927639884
2022-10-20,5,6921,0.0007224389539083947
2022-10-21,3,6341,0.00047311149660936763
2022-10-22,2,4292,0.00046598322460391424
2022-10-23,2,4280,0.00046728971962616824
2022-10-24,2,6533,0.00030613806826878924
2022-10-25,1,6927,0.00014436263894903998
2022-10-26,3,6993,0.000429000429000429
2022-10-27,4,6794,0.0005887547836326171
2022-10-28,2,6473,0.0003089757454039858
2022-10-29,2,4272,0.00046816479400749064
2022-10-30,1,4370,0.0002288329519450801
2022-10-31,9,6626,0.0013582855418050107
2022-11-01,2,7048,0.00028376844494892167
2022-11-02,3,6960,0.0004310344827586207
2022-11-03,4,6928,0.0005773672055427252
2022-11-04,5,5663,0.0008829242450997704
2022-11-05,5,4312,0.0011595547309833025
2022-11-06,3,4191,0.0007158196134574087
2022-11-07,2,6427,0.00031118717908822156
2022-11-08,6,6940,0.0008645533141210375
2022-11-09,7,6838,0.0010236911377595789
2022-11-10,7,6700,0.001044776119402985
2022-11-11,7,6427,0.0010891551268087756
2022-11-12,3,4225,0.0007100591715976331
2022-11-13,3,4196,0.0007149666348903718
2022-11-14,4,6589,0.0006070723933829109
2022-11-15,7,6773,0.001033515428908903
2022-11-16,6,6927,0.0008661758336942399
2022-11-17,3,6832,0.00043911007025761124
2022-11-18,4,6315,0.0006334125098970705
2022-11-19,3,4297,0.0006981615080288574
2022-11-20,5,4206,0.0011887779362815027
2022-11-21,7,6571,0.001065286866534774
2022-11-22,2,7152,0.0002796420581655481
2022-11-23,7,6832,0.0010245901639344263
2022-11-24,5,6339,0.0007887679444707368
2022-11-25,11,6324,0.001739405439595193
2022-11-26,6,4454,0.001347103726986978
2022-11-27,5,4248,0.0011770244821092278
2022-11-28,4,6669,0.000599790073474284
2022-11-29,4,7043,0.0005679397983813716
2022-11-30,2,7120,0.0002808988764044944
2022-12-01,3,7171,0.000418351694324362
2022-12-02,4,6759,0.0005918035212309513
2022-12-03,4,4634,0.0008631851532153647
2022-12-04,3,4663,0.0006433626420759168
2022-12-05,9,7091,0.0012692144972500353
2022-12-06,4,7493,0.0005338315761377286
2022-12-07,3,7389,0.0004060089321965083
2022-12-08,4,7301,0.0005478701547733187
2022-12-09,3,6981,0.0004297378599054577
2022-12-10,3,4722,0.0006353240152477764
2022-12-11,4,4428,0.0009033423667570009
2022-12-12,6,7059,0.0008499787505312367
2022-12-13,5,7337,0.0006814774430966335
2022-12-14,4,7584,0.0005274261603375527
2022-12-15,9,7494,0.0012009607686148918
2022-12-16,2,6876,0.00029086678301337986
2022-12-17,4,4669,0.0008567144998929107
2022-12-18,7,4903,0.0014276973281664286
2022-12-19,5,6845,0.0007304601899196494
2022-12-20,5,6987,0.0007156147130385
2022-12-21,11,7243,0.0015187077177964933
2022-12-22,11,7444,0.001477700161203654
2022-12-23,10,6870,0.001455604075691412
2022-12-24,2,4546,0.0004399472063352398
2022-12-25,6,4147,0.0014468290330359296
2022-12-26,5,6845,0.0007304601899196494
2022-12-27,4,7003,0.000571183778380694
2022-12-28,2,7058,0.00028336639274582036
2022-12-29,6,7203,0.0008329862557267805
2022-12-30,3,6709,0.00044716053063049635
2022-12-31,4,4661,0.0008581849388543231
2023-01-01,3,4105,0.000730816077953715
2023-01-02,2,5566,0.00035932446999640676
2023-01-03,3,6014,0.0004988360492184902
2023-01-04,4,6031,0.000663239927043608
2023-01-05,5,5955,0.0008396305625524769
2023-01-06,7,5530,0.0012658227848101266
2023-01-07,2,4270,0.000468384074941452
2023-01-08,1,4470,0.00022371364653243848
2023-01-09,2,7059,0.0002833262501770789
2023-01-10,2,7171,0.0002789011295495747
2023-01-11,6,7302,0.0008216926869350862
2023-01-12,2,7421,0.00026950545748551406
2023-01-13,5,6819,0.0007332453438920663
2023-01-14,3,5061,0.0005927682276229994
2023-01-15,3,4553,0.000658906215681968
2023-01-16,5,7033,0.0007109341674960899
2023-01-17,4,7438,0.0005377789728421619
2023-01-18,6,7491,0.0008009611533840609
2023-01-19,3,7245,0.00041407867494824016
2023-01-20,5,7111,0.0007031359864997891
2023-01-21,4,4664,0.0008576329331046312
2023-01-22,5,4533,0.0011030222810500773
2023-01-23,1,7120,0.0001404494382022472
2023-01-24,6,7621,0.0007872982548222018
2023-01-25,4,7518,0.0005320563979781857
2023-01-26,5,7634,0.0006549646319098768
2023-01-27,3,7063,0.0004247486903582047
2023-01-28,5,4709,0.0010617965597791463
2023-01-29,6,4596,0.0013054830287206266
2023-01-30,4,8175,0.0004892966360856269
2023-01-31,3,7540,0.0003978779840848806
2023-02-01,4,7548,0.0005299417064122947
2023-02-02,3,7422,0.0004042037186742118
2023-02-03,5,7081,0.0007061149555147578
2023-02-04,5,4785,0.0010449320794148381
2023-02-05,1,4652,0.00021496130696474635
2023-02-06,1,7274,0.00013747594171020073
2023-02-07,4,7569,0.0005284713964856652
2023-02-08,10,7616,0.0013130252100840337
2023-02-09,3,7551,0.0003972983710766786
2023-02-10,4,7270,0.0005502063273727648
2023-02-11,3,4934,0.0006080259424402108
2023-02-12,4,4616,0.0008665511265164644
2023-02-13,4,7297,0.000548170481019597
2023-02-14,2,7644,0.00026164311878597594
2023-02-15,3,7710,0.0003891050583657588
2023-02-16,1,7807,0.0001280901754835404
2023-02-17,7,7482,0.0009355787222667736
2023-02-18,6,5186,0.0011569610489780178
2023-02-19,3,4893,0.0006131207847946045
2023-02-20,7,7571,0.0009245806366398098
2023-02-21,8,8020,0.000997506234413965
2023-02-22,6,7753,0.000773893976525216
2023-02-23,4,7067,0.0005660110372152257
2023-02-24,9,7095,0.0012684989429175475
2023-02-25,4,5040,0.0007936507936507937
2023-02-26,6,4959,0.0012099213551119178
2023-02-27,2,7520,0.00026595744680851064
2023-02-28,7,7707,0.0009082652134423251
2023-03-01,5,7784,0.0006423432682425488
2023-03-02,2,7720,0.00025906735751295336
2023-03-03,4,7516,0.0005321979776476849
2023-03-04,5,5044,0.0009912767644726407
2023-03-05,3,4807,0.0006240898689411275
2023-03-06,3,7418,0.0004044216770018873
2023-03-07,6,7708,0.0007784120394395433
2023-03-08,4,6494,0.0006159531875577456
2023-03-09,8,8125,0.0009846153846153846
2023-03-10,8,7448,0.0010741138560687433
2023-03-11,3,5111,0.0005869692819409117
2023-03-12,3,4844,0.0006193228736581337
2023-03-13,6,7595,0.0007899934167215273
2023-03-14,3,7961,0.00037683708076874763
2023-03-15,3,7958,0.0003769791404875597
2023-03-16,2,7821,0.0002557217747091165
2023-03-17,4,7663,0.0005219887772412893
2023-03-18,5,5095,0.0009813542688910696
2023-03-19,4,4730,0.0008456659619450317
2023-03-20,4,7566,0.000528680941052075
2023-03-21,9,8056,0.0011171797418073487
2023-03-22,2,7974,0.00025081514923501377
2023-03-23,6,7808,0.0007684426229508197
2023-03-24,5,7315,0.000683526999316473
2023-03-25,4,4866,0.0008220304151253596
2023-03-26,0,4621,0
2023-03-27,5,7633,0.000655050438883794
2023-03-28,4,7590,0.0005270092226613965
2023-03-29,4,7666,0.0005217845030002609
2023-03-30,2,6397,0.0003126465530717524
2023-03-31,6,6683,0.0008978003890468353
2023-04-01,3,4723,0.0006351894982002964
2023-04-02,3,4758,0.0006305170239596469
2023-04-03,6,7265,0.0008258774948382657
2023-04-04,1,7876,0.00012696800406297612
2023-04-05,5,7840,0.0006377551020408163
2023-04-06,4,7577,0.0005279134221987594
2023-04-07,4,7299,0.0005480202767502398
2023-04-08,4,5045,0.0007928642220019821
2023-04-09,3,4603,0.000651748859439496
2023-04-10,3,7516,0.0003991484832357637
2023-04-11,2,7818,0.00025581990278843696
2023-04-12,5,7900,0.0006329113924050633
2023-04-13,4,7785,0.0005138086062941554
2023-04-14,5,7301,0.0006848376934666484
2023-04-15,2,5417,0.00036920804873546244
2023-04-16,6,4616,0.0012998266897746968
2023-04-17,1,7060,0.00014164305949008498
2023-04-18,1,7842,0.00012751849018107625
2023-04-19,0,8101,0
2023-04-20,3,7873,0.00038104915534103897
2023-04-21,0,7586,0
2023-04-22,2,4964,0.00040290088638195
2023-04-23,4,4778,0.0008371703641691084
2023-04-24,2,7525,0.00026578073089701
2023-04-25,2,7797,0.00025650891368475054
2023-04-26,5,8013,0.0006239860227130913
2023-04-27,4,8109,0.0004932790726353435
2023-04-28,5,7584,0.0006592827004219409
2023-04-29,6,5675,0.0010572687224669603
2023-04-30,4,4672,0.0008561643835616438
2023-05-01,3,6449,0.0004651884013025275
2023-05-02,4,7898,0.0005064573309698658
2023-05-03,6,8225,0.000729483282674772
2023-05-04,5,7811,0.0006401229035974907
2023-05-05,1,7350,0.00013605442176870748
2023-05-06,0,5243,0
2023-05-07,0,4946,0
2023-05-08,4,6714,0.0005957700327673518
2023-05-09,2,7085,0.0002822865208186309
2023-05-10,2,7906,0.00025297242600556537
2023-05-11,2,7928,0.0002522704339051463
2023-05-12,3,7724,0.0003883997928534438
2023-05-13,8,4930,0.0016227180527383367
2023-05-14,7,3919,0.001786169941311559
2023-05-15,3,7544,0.00039766702014846237
2023-05-16,5,7989,0.000625860558267618
2023-05-17,4,7882,0.0005074854097944684
2023-05-18,2,7946,0.0002516989680342311
2023-05-19,10,7712,0.0012966804979253112
2023-05-20,11,4977,0.0022101667671287923
2023-05-21,6,4945,0.0012133468149646107
2023-05-22,6,7514,0.0007985094490284802
2023-05-23,2,7857,0.0002545500827287769
2023-05-24,4,7841,0.0005101390128810101
2023-05-25,2,8034,0.00024894199651481205
2023-05-26,2,7607,0.0002629157355067701
2023-05-27,2,4893,0.0004087471898630697
2023-05-28,1,6737,0.00014843402107763098
2023-05-29,4,7798,0.0005129520389843549
2023-05-30,2,7954,0.00025144581342720644
2023-05-31,4,8055,0.0004965859714463067
2023-06-01,6,7846,0.0007647208768799389
2023-06-02,4,7521,0.0005318441696582901
2023-06-03,6,5065,0.0011846001974333662
2023-06-04,2,4822,0.00041476565740356696
2023-06-05,4,7201,0.0005554784057769754
2023-06-06,8,8121,0.0009851003570988794
2023-06-07,7,7812,0.0008960573476702509
2023-06-08,3,6881,0.0004359831419851766
2023-06-09,3,6331,0.000473858790080556
2023-06-10,5,4377,0.001142334932602239
2023-06-11,4,4069,0.0009830425165888424
2023-06-12,3,6013,0.0004989190088142358
2023-06-13,4,7444,0.0005373455131649651
2023-06-14,4,8016,0.000499001996007984
2023-06-15,5,7891,0.0006336332530731213
2023-06-16,5,7608,0.0006572029442691904
2023-06-17,4,5004,0.0007993605115907274
2023-06-18,4,4910,0.000814663951120163
2023-06-19,2,7496,0.00026680896478121667
2023-06-20,4,7842,0.000510073960724305
2023-06-21,3,8017,0.00037420481476861667
2023-06-22,3,7824,0.0003834355828220859
2023-06-23,3,7378,0.0004066142586066685
2023-06-24,9,5899,0.0015256823190371248
2023-06-25,1,4737,0.00021110407430863416
2023-06-26,4,7326,0.000546000546000546
2023-06-27,1,7814,0.0001279754287176862
2023-06-28,4,7771,0.000514734268433921
2023-06-29,9,7660,0.001174934725848564
2023-06-30,4,7273,0.0005499793757734085
2023-07-01,6,4996,0.0012009607686148918
2023-07-02,3,4649,0.0006453000645300065
2023-07-03,0,7207,0
2023-07-04,2,7512,0.00026624068157614486
2023-07-05,4,7595,0.0005266622778143515
2023-07-06,4,7930,0.0005044136191677175
2023-07-07,6,7466,0.0008036431824270024
2023-07-08,7,4833,0.0014483757500517278
2023-07-09,6,4703,0.0012757814161173718
2023-07-10,7,7305,0.0009582477754962354
2023-07-11,7,7744,0.0009039256198347108
2023-07-12,12,7858,0.0015271061338763044
2023-07-13,5,7722,0.0006475006475006475
2023-07-14,1,7198,0.0001389274798555154
2023-07-15,2,4832,0.0004139072847682119
2023-07-16,3,4665,0.0006430868167202572
2023-07-17,3,6852,0.00043782837127845885
2023-07-18,3,7039,0.00042619690296917176
2023-07-19,1,7309,0.00013681762210972773
2023-07-20,2,7640,0.0002617801047120419
2023-07-21,6,7378,0.000813228517213337
2023-07-22,3,4870,0.0006160164271047228
2023-07-23,3,4754,0.0006310475389145982
2023-07-24,4,7388,0.0005414185165132648
2023-07-25,0,7701,0
2023-07-26,4,7595,0.0005266622778143515
2023-07-27,2,7656,0.00026123301985370953
2023-07-28,2,7398,0.0002703433360367667
2023-07-29,4,4942,0.0008093889113719142
2023-07-30,2,4817,0.00041519618019514223
2023-07-31,1,7183,0.00013921759710427398
2023-08-01,2,7635,0.0002619515389652914
2023-08-02,3,7613,0.0003940627873374491
2023-08-03,3,7699,0.00038966099493440706
2023-08-04,3,7347,0.0004083299305839118
2023-08-05,8,4812,0.0016625103906899418
2023-08-06,3,4690,0.0006396588486140725
2023-08-07,2,7269,0.00027514100976750583
2023-08-08,2,7580,0.0002638522427440633
2023-08-09,3,7603,0.0003945810864132579
2023-08-10,2,7539,0.00026528717336516777
2023-08-11,4,7066,0.0005660911406736484
2023-08-12,2,4905,0.00040774719673802244
2023-08-13,0,4620,0
2023-08-14,2,7328,0.0002729257641921397
2023-08-15,2,7764,0.00025759917568263783
2023-08-16,1,7541,0.00013260840737302744
2023-08-17,4,7531,0.0005311379630859116
2023-08-18,2,7460,0.00026809651474530834
2023-08-19,4,4942,0.0008093889113719142
2023-08-20,5,4777,0.0010466820180029307
2023-08-21,3,7131,0.00042069835927639884
2023-08-22,0,6117,0
2023-08-23,1,5546,0.00018031013342949875
2023-08-24,4,7760,0.0005154639175257732
2023-08-25,4,7200,0.0005555555555555556
2023-08-26,3,4691,0.0006395224898742272
2023-08-27,5,4782,0.0010455876202425764
2023-08-28,0,7306,0
2023-08-29,1,7610,0.00013140604467805518
2023-08-30,1,7587,0.00013180440226703572
2023-08-31,3,7645,0.0003924133420536298
2023-09-01,3,7162,0.0004188774085450991
2023-09-02,4,4764,0.0008396305625524769
2023-09-03,4,4667,0.0008570816370259267
2023-09-04,1,7240,0.00013812154696132598
2023-09-05,2,7685,0.0002602472348731295
2023-09-06,6,7648,0.0007845188284518828
2023-09-07,3,7702,0.00038950921838483513
2023-09-08,5,7384,0.0006771397616468039
2023-09-09,3,4855,0.0006179196704428424
2023-09-10,1,4855,0.00020597322348094748
2023-09-11,3,7439,0.00040328001075413364
2023-09-12,0,7663,0
2023-09-13,1,7740,0.00012919896640826872
2023-09-14,1,7693,0.00012998830105290525
2023-09-15,8,7533,0.0010619938935351122
2023-09-16,5,4930,0.0010141987829614604
2023-09-17,3,4717,0.0006359974560101759
2023-09-18,1,7582,0.00013189132155104195
2023-09-19,6,7827,0.0007665772326561902
2023-09-20,11,7946,0.0013843443241882709
2023-09-21,14,8012,0.001747378931602596
2023-09-22,6,7525,0.0007973421926910299
2023-09-23,5,4931,0.001013993104846887
2023-09-24,9,4224,0.002130681818181818
2023-09-25,4,7266,0.0005505092210294523
2023-09-26,2,7679,0.0002604505795025394
2023-09-27,4,7685,0.000520494469746259
2023-09-28,4,7545,0.0005301524188204108
2023-09-29,10,6992,0.0014302059496567505
2023-09-30,2,4949,0.00040412204485754696
2023-10-01,5,4294,0.0011644154634373545
2023-10-02,9,6867,0.001310615989515072
2023-10-03,3,5950,0.0005042016806722689
2023-10-04,3,5812,0.0005161734342739161
2023-10-05,14,6779,0.0020652013571323203
2023-10-06,5,5299,0.0009435742592942064
2023-10-07,7,3847,0.001819599688068625
2023-10-08,2,4454,0.000449034575662326
2023-10-09,5,6966,0.000717772035601493
2023-10-10,6,7951,0.0007546220601182241
2023-10-11,6,7544,0.0007953340402969247
2023-10-12,4,7394,0.0005409791723018664
2023-10-13,5,7190,0.0006954102920723226
2023-10-14,2,4566,0.0004380201489268506
2023-10-15,2,3200,0.000625
2023-10-16,7,5270,0.0013282732447817836
2023-10-17,5,4804,0.0010407993338884263
2023-10-18,1,6596,0.00015160703456640388
2023-10-19,4,3853,0.0010381520892810796
2023-10-20,4,5513,0.0007255577725376383
2023-10-21,1,4602,0.000217296827466319
2023-10-22,3,4393,0.0006829046209879354
2023-10-23,2,6044,0.00033090668431502316
2023-10-24,0,6269,0
2023-10-25,2,5351,0.00037376191366099795
2023-10-26,2,5286,0.00037835792659856227
2023-10-27,3,7403,0.00040524111846548696
2023-10-28,2,3381,0.0005915409642117716
2023-10-29,7,4219,0.0016591609386110452
2023-10-30,3,4636,0.0006471095772217428
2023-10-31,0,7348,0
2023-11-01,0,6527,0
2023-11-02,1,4449,0.0002247696111485727
2023-11-03,2,5299,0.0003774297037176826
2023-11-04,2,3101,0.0006449532408900354
2023-11-05,1,3451,0.0002897710808461316
2023-11-06,2,3691,0.000541858574911948
2023-11-07,3,4743,0.0006325110689437065
2023-11-08,7,5629,0.0012435601350151003
2023-11-09,5,7312,0.0006838074398249453
2023-11-10,2,7706,0.0002595380223202699
2023-11-11,2,5953,0.0003359650596337981
2023-11-12,2,4977,0.0004018485031143259
2023-11-13,2,7923,0.0002524296352391771
2023-11-14,4,7938,0.0005039052658100278
2023-11-15,6,8095,0.0007411982705373688
2023-11-16,6,7941,0.0007555723460521345
2023-11-17,5,7959,0.0006282196255811032
2023-11-18,1,4992,0.00020032051282051281
2023-11-19,4,4817,0.0008303923603902845
2023-11-20,2,7304,0.0002738225629791895
2023-11-21,5,7533,0.0006637461834594451
2023-11-22,1,7964,0.00012556504269211453
2023-11-23,3,8046,0.0003728560775540641
2023-11-24,7,7508,0.0009323388385721897
2023-11-25,3,5081,0.000590434953749262
2023-11-26,2,4940,0.0004048582995951417
2023-11-27,4,7535,0.00053085600530856
2023-11-28,3,7891,0.0003801799518438728
2023-11-29,1,7986,0.00012521913348359628
2023-11-30,4,8408,0.0004757373929590866
2023-12-01,5,7784,0.0006423432682425488
2023-12-02,5,5583,0.0008955758552749418
2023-12-03,2,5155,0.0003879728419010669
2023-12-04,2,7911,0.0002528125395019593
2023-12-05,8,7058,0.0011334655709832814
2023-12-06,5,7389,0.0006766815536608473
2023-12-07,4,7179,0.0005571806658308956
2023-12-08,4,6847,0.0005841974587410544
2023-12-09,1,4937,0.00020255215718047398
2023-12-10,5,4322,0.0011568718186024988
2023-12-11,7,6998,0.0010002857959416976
2023-12-12,12,7389,0.0016240357287860333
2023-12-13,4,7230,0.0005532503457814661
2023-12-14,11,7693,0.0014298713115819576
2023-12-15,5,6886,0.0007261109497531223
2023-12-16,1,4348,0.00022999080036798528
2023-12-17,2,4465,0.0004479283314669653
2023-12-18,2,7025,0.00028469750889679714
2023-12-19,4,7438,0.0005377789728421619
2023-12-20,2,7364,0.00027159152634437803
2023-12-21,1,7361,0.00013585110718652356
2023-12-22,1,6819,0.00014664906877841325
2023-12-23,2,4746,0.00042140750105351877
2023-12-24,1,4413,0.00022660321776569228
2023-12-25,0,5892,0
2023-12-26,0,6829,0
2023-12-27,2,7085,0.0002822865208186309
2023-12-28,2,7080,0.0002824858757062147
2023-12-29,4,6811,0.0005872852738217589
2023-12-30,1,4800,0.00020833333333333335
2023-12-31,4,4357,0.0009180628873077806
2024-01-01,1,4440,0.00022522522522522523
2024-01-02,3,5814,0.0005159958720330237
2024-01-03,0,5281,0
2024-01-04,0,1765,0
2024-01-05,2,6022,0.00033211557622052476
2024-01-06,0,4626,0
2024-01-07,3,4309,0.000696217219772569
2024-01-08,2,5787,0.0003456022118541559
2024-01-09,3,6601,0.00045447659445538557
2024-01-10,3,7393,0.00040578926011091576
2024-01-11,5,7335,0.0006816632583503749
2024-01-12,3,6951,0.00043159257660768235
2024-01-13,3,4568,0.0006567425569176883
2024-01-14,1,4367,0.0002289901534234028
2024-01-15,6,6731,0.0008913980092111127
2024-01-16,8,7047,0.0011352348517099475
2024-01-17,3,7084,0.00042348955392433656
2024-01-18,0,7369,0
2024-01-19,5,6912,0.0007233796296296296
2024-01-20,1,4204,0.0002378686964795433
2024-01-21,1,4255,0.00023501762632197415
2024-01-22,6,6761,0.0008874426859931963
2024-01-23,3,7412,0.00040474905558553697
2024-01-24,2,7227,0.0002767400027674
2024-01-25,3,7133,0.00042058040095331557
2024-01-26,3,6953,0.00043146843089313965
2024-01-27,1,4471,0.00022366360993066427
2024-01-28,1,4421,0.00022619316896629722
2024-01-29,1,6926,0.00014438348252959862
2024-01-30,4,7553,0.0005295908910366742
2024-01-31,5,7385,0.0006770480704129993
2024-02-01,4,7450,0.0005369127516778523
2024-02-02,3,7700,0.0003896103896103896
2024-02-03,2,4767,0.0004195510803440319
2024-02-04,3,4411,0.0006801178871004307
2024-02-05,3,7039,0.00042619690296917176
2024-02-06,4,7072,0.0005656108597285068
2024-02-07,3,7526,0.0003986181238373638
2024-02-08,10,7364,0.0013579576317218902
2024-02-09,5,6938,0.0007206687806284232
2024-02-10,3,4887,0.0006138735420503376
2024-02-11,2,4403,0.0004542357483533954
2024-02-12,1,6980,0.00014326647564469913
2024-02-13,5,7651,0.0006535093451836362
2024-02-14,0,7315,0
2024-02-15,4,7015,0.0005702066999287242
2024-02-16,11,7047,0.0015609479211011778
2024-02-17,6,5075,0.0011822660098522167
2024-02-18,3,4482,0.0006693440428380187
2024-02-19,2,6838,0.0002924831822170225
2024-02-20,2,7350,0.00027210884353741496
2024-02-21,2,7417,0.00026965080221113657
2024-02-22,3,7483,0.00040090872644661234
2024-02-23,8,6623,0.0012079118224369622
2024-02-24,4,4674,0.0008557980316645272
2024-02-25,2,4971,0.0004023335345001006
2024-02-26,6,7210,0.0008321775312066575
2024-02-27,1,7474,0.0001337971635001338
2024-02-28,6,7132,0.0008412787436904094
2024-02-29,2,7502,0.00026659557451346307
2024-03-01,2,6860,0.0002915451895043732
2024-03-02,2,4782,0.0004182350480970305
2024-03-03,0,4547,0
2024-03-04,3,6753,0.000444247001332741
2024-03-05,4,7632,0.0005241090146750524
2024-03-06,2,7524,0.0002658160552897395
2024-03-07,4,7072,0.0005656108597285068
2024-03-08,7,6221,0.001125221025558592
2024-03-09,1,4672,0.00021404109589041095
2024-03-10,2,4585,0.0004362050163576881
2024-03-11,5,6965,0.0007178750897343862
2024-03-12,1,7349,0.00013607293509320997
2024-03-13,5,7368,0.0006786102062975027
2024-03-14,1,7308,0.00013683634373289546
2024-03-15,3,6893,0.0004352241404323226
2024-03-16,1,4750,0.0002105263157894737
2024-03-17,2,4836,0.00041356492969396195
2024-03-18,3,6645,0.0004514672686230248
2024-03-19,5,7290,0.0006858710562414266
2024-03-20,2,7335,0.00027266530334015
2024-03-21,4,7665,0.0005218525766470972
2024-03-22,4,7487,0.0005342593829304127
2024-03-23,2,5044,0.0003965107057890563
2024-03-24,3,4608,0.0006510416666666666
2024-03-25,2,7187,0.0002782802281897871
2024-03-26,1,7413,0.00013489815189531904
2024-03-27,3,7593,0.0003951007506914263
2024-03-28,3,7511,0.0003994141925176408
2024-03-29,1,7146,0.0001399384270920795
2024-03-30,3,4841,0.0006197066721751704
2024-03-31,2,4734,0.0004224757076468103
2024-04-01,1,6875,0.00014545454545454546
2024-04-02,4,7479,0.0005348308597406071
2024-04-03,6,7659,0.0007833920877399138
2024-04-04,7,7560,0.000925925925925926
2024-04-05,3,7039,0.00042619690296917176
2024-04-06,2,4837,0.0004134794293983874
2024-04-07,4,4639,0.0008622547962923044
2024-04-08,2,7008,0.00028538812785388126
2024-04-09,3,7320,0.0004098360655737705
2024-04-10,4,7350,0.0005442176870748299
2024-04-11,6,7676,0.000781657113079729
2024-04-12,5,7061,0.000708114997875655
2024-04-13,1,4664,0.0002144082332761578
2024-04-14,4,4593,0.0008708904855214457
2024-04-15,3,6786,0.0004420866489832007
2024-04-16,1,7479,0.00013370771493515177
2024-04-17,1,7449,0.00013424620754463686
2024-04-18,1,7453,0.0001341741580571582
2024-04-19,3,7104,0.0004222972972972973
2024-04-20,8,4921,0.001625685836212152
2024-04-21,1,4851,0.00020614306328592042
2024-04-22,4,7286,0.0005489980785067252
2024-04-23,2,7396,0.00027041644131963225
2024-04-24,3,7566,0.0003965107057890563
2024-04-25,4,7511,0.0005325522566901877
2024-04-26,7,7177,0.0009753378849101296
2024-04-27,1,5551,0.0001801477211313277
2024-04-28,2,4340,0.0004608294930875576
2024-04-29,2,6232,0.00032092426187419767
2024-04-30,4,7078,0.0005651313930488839
2024-05-01,3,6403,0.00046853037638606906
2024-05-02,2,7130,0.00028050490883590464
2024-05-03,4,7070,0.0005657708628005657
2024-05-04,0,4752,0
2024-05-05,1,4172,0.00023969319271332693
2024-05-06,6,6648,0.0009025270758122744
2024-05-07,2,7413,0.0002697963037906381
2024-05-08,3,7337,0.0004088864658579801
2024-05-09,7,6589,0.001062376688420094
2024-05-10,5,6295,0.0007942811755361397
2024-05-11,2,4742,0.00042176296921130323
2024-05-12,2,4522,0.0004422821760283061
2024-05-13,5,7051,0.0007091192738618636
2024-05-14,4,7292,0.0005485463521667581
2024-05-15,5,7447,0.0006714113065664026
2024-05-16,6,7272,0.0008250825082508251
2024-05-17,3,7163,0.00041881893061566385
2024-05-18,4,4782,0.000836470096194061
2024-05-19,2,4613,0.00043355733795794494
2024-05-20,2,7131,0.0002804655728509325
2024-05-21,4,7373,0.0005425200054252
2024-05-22,4,7409,0.0005398839249561345
2024-05-23,7,7341,0.0009535485628660946
2024-05-24,4,6915,0.0005784526391901663
2024-05-25,6,4697,0.0012774111134766872
2024-05-26,1,4488,0.0002228163992869875
2024-05-27,2,6923,0.0002888920988010978
2024-05-28,3,7500,0.0004
2024-05-29,3,7393,0.00040578926011091576
2024-05-30,1,7455,0.0001341381623071764
2024-05-31,1,7021,0.0001424298532972511
2024-06-01,1,4644,0.0002153316106804479
2024-06-02,5,4393,0.0011381743683132257
2024-06-03,8,6962,0.0011490950876185005
2024-06-04,0,7087,0
2024-06-05,2,6902,0.0002897710808461316
2024-06-06,4,7468,0.0005356186395286556
2024-06-07,10,6869,0.0014558159848595137
2024-06-08,3,4591,0.000653452406883032
2024-06-09,1,4180,0.00023923444976076556
2024-06-10,1,6906,0.0001448016217781639
2024-06-11,2,7278,0.0002748007694421544
2024-06-12,6,6516,0.0009208103130755065
2024-06-13,9,8079,0.0011139992573338284
2024-06-14,11,7037,0.0015631661219269574
2024-06-15,3,4675,0.0006417112299465241
2024-06-16,3,4437,0.000676132521974307
2024-06-17,2,6909,0.0002894774931249095
2024-06-18,4,7242,0.0005523336095001381
2024-06-19,1,7257,0.00013779798814937303
2024-06-20,4,7521,0.0005318441696582901
2024-06-21,4,7061,0.000566491998300524
2024-06-22,1,4746,0.00021070375052675939
2024-06-23,1,4501,0.00022217285047767163
2024-06-24,0,5985,0
2024-06-25,4,6960,0.0005747126436781609
2024-06-26,2,7358,0.0002718129926610492
2024-06-27,2,7281,0.0002746875429199286
2024-06-28,4,6757,0.0005919786887672044
2024-06-29,2,4654,0.0004297378599054577
2024-06-30,1,4446,0.0002249212775528565
2024-07-01,2,6904,0.00028968713789107763
2024-07-02,8,7141,0.0011202912757316903
2024-07-03,3,7002,0.0004284490145672665
2024-07-04,3,7083,0.00042354934349851756
2024-07-05,2,6586,0.0003036744609778318
2024-07-06,3,4350,0.000689655172413793
2024-07-07,0,4237,0
2024-07-08,2,7003,0.000285591889190347
2024-07-09,4,7258,0.0005511160099200882
2024-07-10,6,7423,0.000808298531591001
2024-07-11,10,6858,0.0014581510644502771
2024-07-12,7,6830,0.0010248901903367497
2024-07-13,5,4557,0.0010972130787798991
2024-07-14,1,4477,0.00022336385972749609
2024-07-15,3,7052,0.0004254112308564946
2024-07-16,1,6687,0.00014954389113204725
2024-07-17,1,7176,0.00013935340022296544
2024-07-18,5,7214,0.0006930967563071804
2024-07-19,3,6863,0.0004371266210112196
2024-07-20,5,4207,0.001188495364868077
2024-07-21,1,4290,0.0002331002331002331
2024-07-22,3,6869,0.00043674479545785413
2024-07-23,0,7248,0
2024-07-24,0,7198,0
2024-07-25,2,7092,0.0002820078962210942
2024-07-26,1,6875,0.00014545454545454546
2024-07-27,2,4480,0.0004464285714285714
2024-07-28,0,4240,0
2024-07-29,3,6347,0.00047266425082716245
2024-07-30,1,5562,0.00017979144192736425
2024-07-31,0,7253,0
2024-08-01,1,7207,0.00013875398917718884
2024-08-02,1,6565,0.0001523229246001523
2024-08-03,2,4615,0.0004333694474539545
2024-08-04,1,4407,0.0002269117313365101
2024-08-05,1,6669,0.000149947518368571
2024-08-06,0,7183,0
2024-08-07,0,7366,0
2024-08-08,1,6951,0.00014386419220256078
2024-08-09,4,6804,0.0005878894767783657
2024-08-10,3,4600,0.0006521739130434783
2024-08-11,5,4447,0.001124353496739375
2024-08-12,3,6817,0.000440076279888514
2024-08-13,5,6990,0.000715307582260372
2024-08-14,3,7066,0.00042456835550523637
2024-08-15,3,6955,0.00043134435657800146
2024-08-16,1,6702,0.00014920919128618324
2024-08-17,0,4401,0
2024-08-18,2,4212,0.0004748338081671415
2024-08-19,3,6837,0.00043878894251864854
2024-08-20,1,8336,0.0001199616122840691
2024-08-21,5,7224,0.0006921373200442968
2024-08-22,7,7043,0.0009938946471674003
2024-08-23,5,6870,0.000727802037845706
2024-08-24,0,4699,0
2024-08-25,3,4407,0.0006807351940095302
2024-08-26,0,7093,0
2024-08-27,6,7311,0.0008206811653672548
2024-08-28,0,6995,0
2024-08-29,0,6967,0
2024-08-30,0,6583,0
2024-08-31,1,4443,0.00022507314877335134
2024-09-01,0,4118,0
2024-09-02,1,6725,0.00014869888475836432
2024-09-03,1,6926,0.00014438348252959862
2024-09-04,1,7148,0.0001398992725237829
2024-09-05,0,7033,0
2024-09-06,0,6745,0
2024-09-07,2,4440,0.00045045045045045046
2024-09-08,0,4277,0
2024-09-09,0,6770,0
2024-09-10,1,7233,0.00013825521913452232
2024-09-11,1,7338,0.0001362769146906514
2024-09-12,0,7180,0
2024-09-13,0,6821,0
2024-09-14,4,4683,0.0008541533205210335
2024-09-15,2,4429,0.0004515692029803567
2024-09-16,3,7005,0.00042826552462526765
2024-09-17,0,7264,0
2024-09-18,0,7675,0
2024-09-19,3,7250,0.00041379310344827585
2024-09-20,5,7014,0.00071285999429712
2024-09-21,3,4632,0.0006476683937823834
2024-09-22,3,4486,0.0006687472135532769
2024-09-23,8,7107,0.0011256507668495849
2024-09-24,7,7456,0.0009388412017167382
2024-09-25,4,7531,0.0005311379630859116
2024-09-26,7,7606,0.0009203260583749671
2024-09-27,9,7192,0.0012513904338153504
2024-09-28,5,4856,0.001029654036243822
2024-09-29,1,4624,0.00021626297577854672
2024-09-30,0,7108,0
2024-10-01,2,7586,0.0002636435539151068
2024-10-02,2,7423,0.000269432843863667
2024-10-03,2,7409,0.00026994196247806724
2024-10-04,1,6887,0.0001452011035283868
2024-10-05,0,4376,0
2024-10-06,0,4491,0
2024-10-07,0,7054,0
2024-10-08,0,7316,0
2024-10-09,1,7275,0.0001374570446735395
2024-10-10,3,7149,0.000419639110365086
2024-10-11,1,6953,0.00014382281029771322
2024-10-12,0,5468,0
2024-10-13,1,4285,0.00023337222870478414
2024-10-14,0,7057,0
2024-10-15,1,7326,0.0001365001365001365
2024-10-16,6,7547,0.0007950178879024779
2024-10-17,2,7461,0.0002680605816914623
2024-10-18,6,7238,0.0008289582757667864
2024-10-19,6,4668,0.0012853470437017994
2024-10-20,2,4521,0.00044238000442380006
2024-10-21,2,7171,0.0002789011295495747
2024-10-22,1,7415,0.00013486176668914363
2024-10-23,7,7416,0.0009439050701186624
2024-10-24,6,7563,0.0007933359777865926
2024-10-25,1,7268,0.0001375894331315355
2024-10-26,0,4746,0
2024-10-27,1,4578,0.00021843599825251202
2024-10-28,1,7347,0.00013610997686130393
2024-10-29,1,7610,0.00013140604467805518
2024-10-30,1,7546,0.00013252054068380598
2024-10-31,2,7641,0.00026174584478471405
2024-11-01,1,7128,0.00014029180695847364
2024-11-02,0,5348,0
2024-11-03,4,4598,0.0008699434536755111
2024-11-04,8,6262,0.0012775471095496647
2024-11-05,0,7295,0
2024-11-06,7,7716,0.0009072058061171591
2024-11-07,1,7606,0.00013147515119642388
2024-11-08,1,7434,0.00013451708366962604
2024-11-09,2,4840,0.00041322314049586776
2024-11-10,2,4457,0.0004487323311644604
2024-11-11,0,7220,0
2024-11-12,1,7420,0.00013477088948787063
2024-11-13,2,7671,0.00026072220049537216
2024-11-14,2,7466,0.0002678810608090008
2024-11-15,3,7183,0.00041765279131282193
2024-11-16,2,4864,0.00041118421052631577
2024-11-17,5,4804,0.0010407993338884263
2024-11-18,6,7246,0.0008280430582390284
2024-11-19,0,7657,0
2024-11-20,4,7609,0.0005256932579839664
2024-11-21,8,8329,0.0009604994597190539
2024-11-22,0,7137,0
2024-11-23,1,4787,0.00020889910173386254
2024-11-24,3,4459,0.0006727965911639381
2024-11-25,2,7407,0.0002700148508167949
2024-11-26,0,7591,0
2024-11-27,2,7501,0.0002666311158512198
2024-11-28,1,7652,0.00013068478829064296
2024-11-29,2,7159,0.0002793686269031988
2024-11-30,3,4763,0.0006298551333193366
2024-12-01,4,4572,0.0008748906386701663
2024-12-02,4,7279,0.000549526033795851
2024-12-03,1,7679,0.0001302252897512697
2024-12-04,0,7688,0
2024-12-05,1,7800,0.0001282051282051282
2024-12-06,3,7263,0.0004130524576621231
2024-12-07,5,4681,0.0010681478316599017
2024-12-08,2,4638,0.00043122035360068997
2024-12-09,3,7187,0.0004174203422846807
2024-12-10,2,7537,0.00026535756932466497
2024-12-11,2,7465,0.00026791694574681847
2024-12-12,2,7503,0.0002665600426496068
2024-12-13,2,7341,0.0002724424465331699
2024-12-14,1,4803,0.00020820320632937748
2024-12-15,3,4522,0.0006634232640424591
2024-12-16,1,7300,0.000136986301369863
2024-12-17,4,7830,0.0005108556832694764
2024-12-18,6,7678,0.0007814535035165407
2024-12-19,6,7778,0.0007714065312419646
2024-12-20,1,7113,0.00014058765640376775
2024-12-21,1,3389,0.00029507229271171436
2024-12-22,2,4719,0.0004238186056367875
2024-12-23,0,7274,0
2024-12-24,0,8011,0
2024-12-25,1,6641,0.0001505797319680771
2024-12-26,3,6992,0.00042906178489702515
2024-12-27,4,6999,0.0005715102157451065
2024-12-28,2,5335,0.00037488284910965324
2024-12-29,0,4544,0
2024-12-30,2,6210,0.00032206119162640903
2024-12-31,0,5431,0
2025-01-01,2,4396,0.00045495905368516835
2025-01-02,1,5873,0.00017027073046143367
2025-01-03,3,6120,0.0004901960784313725
2025-01-04,0,4731,0
2025-01-05,3,4455,0.0006734006734006734
2025-01-06,0,6126,0
2025-01-07,1,6156,0.00016244314489928524
2025-01-08,1,6477,0.0001543924656476764
2025-01-09,6,7367,0.000814442785394326
2025-01-10,2,7264,0.00027533039647577095
2025-01-11,1,4645,0.00021528525296017224
2025-01-12,7,4594,0.0015237265999129299
2025-01-13,8,7368,0.0010857763300760044
2025-01-14,3,7722,0.0003885003885003885
2025-01-15,3,7734,0.0003878975950349108
2025-01-16,5,7786,0.0006421782686873876
2025-01-17,0,7383,0
2025-01-18,1,4772,0.00020955574182732607
2025-01-19,1,4582,0.00021824530772588389
2025-01-20,1,7586,0.0001318217769575534
2025-01-21,5,7632,0.0006551362683438155
2025-01-22,5,7890,0.0006337135614702154
2025-01-23,1,7646,0.00013078733978550875
2025-01-24,1,7310,0.00013679890560875513
2025-01-25,1,4776,0.00020938023450586265
2025-01-26,0,4552,0
2025-01-27,4,7394,0.0005409791723018664
2025-01-28,1,7762,0.00012883277505797475
2025-01-29,2,7783,0.00025697031992804833
2025-01-30,2,7745,0.0002582311168495804
2025-01-31,0,7457,0
2025-02-01,6,4902,0.0012239902080783353
2025-02-02,3,4688,0.0006399317406143345
2025-02-03,0,7549,0
2025-02-04,4,7737,0.0005169962517771747
2025-02-05,0,7906,0
2025-02-06,2,7678,0.00026048450117218026
2025-02-07,4,7409,0.0005398839249561345
2025-02-08,1,4836,0.00020678246484698098
2025-02-09,0,4449,0
2025-02-10,1,7524,0.00013290802764486976
2025-02-11,1,7827,0.00012776287210936502
2025-02-12,4,7870,0.0005082592121982211
2025-02-13,8,8006,0.0009992505620784412
2025-02-14,9,7505,0.0011992005329780147
2025-02-15,4,5055,0.000791295746785361
2025-02-16,3,4738,0.0006331785563528915
2025-02-17,1,7564,0.00013220518244315177
2025-02-18,3,7788,0.0003852080123266564
2025-02-19,5,7870,0.0006353240152477764
2025-02-20,9,7579,0.0011874917535294894
2025-02-21,8,7287,0.0010978454782489364
2025-02-22,3,4977,0.0006027727546714888
2025-02-23,6,5200,0.001153846153846154
2025-02-24,7,7739,0.0009045096265667399
2025-02-25,4,7760,0.0005154639175257732
2025-02-26,6,7772,0.0007720020586721565
2025-02-27,8,7769,0.0010297335564422706
2025-02-28,10,9495,0.00105318588730911
2025-03-01,4,5103,0.0007838526357044876
2025-03-02,8,4797,0.0016677089847821555
2025-03-03,5,7626,0.0006556517178075007
2025-03-04,12,7799,0.0015386588024105655
2025-03-05,5,7896,0.0006332320162107396
2025-03-06,7,8026,0.000872165462247695
2025-03-07,5,7653,0.0006533385600418136
2025-03-08,1,4774,0.00020946795140343527
2025-03-09,3,4701,0.0006381620931716656
2025-03-10,3,7596,0.00039494470774091627
2025-03-11,3,7835,0.00038289725590299936
2025-03-12,4,7948,0.0005032712632108706
2025-03-13,3,7861,0.0003816308357715303
2025-03-14,2,7446,0.00026860059092130003
2025-03-15,2,4895,0.00040858018386108274
2025-03-16,0,4596,0
2025-03-17,0,7377,0
2025-03-18,2,7738,0.0002584647195657793
2025-03-19,2,7646,0.0002615746795710175
2025-03-20,0,7782,0
2025-03-21,1,7443,0.00013435442697836894
2025-03-22,0,4706,0
2025-03-23,0,4683,0
2025-03-24,0,7438,0
2025-03-25,0,7433,0
2025-03-26,1,7641,0.00013087292239235702
2025-03-27,2,7632,0.0002620545073375262
2025-03-28,0,7270,0
2025-03-29,0,4740,0
2025-03-30,0,4538,0
2025-03-31,0,7211,0
2025-04-01,0,7384,0
2025-04-02,1,7563,0.0001322226629644321
2025-04-03,0,7460,0
2025-04-04,0,7240,0
2025-04-05,0,4622,0
2025-04-06,0,4576,0
2025-04-07,0,7275,0
2025-04-08,0,7421,0
2025-04-09,0,7533,0
2025-04-10,1,7364,0.00013579576317218902
2025-04-11,0,7283,0
2025-04-12,0,4740,0
2025-04-13,0,4604,0
2025-04-14,0,7185,0
2025-04-15,4,7508,0.0005327650506126798
2025-04-16,0,7463,0
2025-04-17,2,7617,0.0002625705658395694
2025-04-18,2,7098,0.0002817695125387433
2025-04-19,1,4770,0.00020964360587002095
2025-04-20,0,4219,0
2025-04-21,1,6823,0.0001465630954125751
2025-04-22,0,7430,0
2025-04-23,2,7450,0.00026845637583892615
2025-04-24,3,7562,0.00039672044432689763
2025-04-25,2,6931,0.00028855864954552014
2025-04-26,4,4771,0.0008383986585621463
2025-04-27,2,4469,0.00044752741105392703
2025-04-28,0,7294,0
2025-04-29,0,7471,0
2025-04-30,0,7597,0
2025-05-01,1,6141,0.00016283992835043154
2025-05-02,0,6101,0
2025-05-03,0,4698,0
2025-05-04,1,4497,0.00022237046920169
2025-05-05,0,7088,0
2025-05-06,0,7273,0
2025-05-07,0,7309,0
2025-05-08,0,6418,0
2025-05-09,0,6143,0
2025-05-10,2,4591,0.00043563493792202136
2025-05-11,0,4497,0
2025-05-12,0,7198,0
2025-05-13,1,7378,0.0001355380862022228
2025-05-14,1,7445,0.0001343183344526528
2025-05-15,1,7363,0.00013581420616596497
2025-05-16,3,7030,0.0004267425320056899
2025-05-17,0,4663,0
2025-05-18,2,4582,0.00043649061545176777
2025-05-19,0,6442,0
2025-05-20,2,7420,0.00026954177897574127
2025-05-21,3,7425,0.00040404040404040404
2025-05-22,0,7228,0
2025-05-23,1,7160,0.00013966480446927373
2025-05-24,0,4737,0
2025-05-25,0,4634,0
2025-05-26,0,7262,0
2025-05-27,0,7320,0
2025-05-28,0,7523,0
2025-05-29,0,7440,0
2025-05-30,2,7026,0.0002846569883290635
2025-05-31,0,4804,0
2025-06-01,0,4742,0
2025-06-02,0,7247,0
2025-06-03,1,7301,0.00013696753869332968
2025-06-04,1,7488,0.00013354700854700856
2025-06-05,0,7266,0
2025-06-06,1,6905,0.0001448225923244026
2025-06-07,0,4698,0
2025-06-08,0,4413,0
2025-06-09,0,7049,0
2025-06-10,0,7273,0
2025-06-11,0,7242,0
2025-06-12,0,6416,0
2025-06-13,0,6286,0
2025-06-14,1,4907,0.0002037905033625433
2025-06-15,1,4581,0.00021829294913774285
2025-06-16,1,7051,0.00014182385477237272
2025-06-17,1,7544,0.0001325556733828208
2025-06-18,2,7524,0.0002658160552897395
2025-06-19,0,7605,0
2025-06-20,0,7182,0
2025-06-21,1,4884,0.00020475020475020476
2025-06-22,0,4614,0
2025-06-23,1,7325,0.00013651877133105802
2025-06-24,0,7318,0
2025-06-25,0,7388,0
2025-06-26,0,8298,0
2025-06-27,0,7035,0
2025-06-28,0,4601,0
2025-06-29,1,4545,0.00022002200220022002
2025-06-30,0,7000,0
2025-07-01,0,7472,0
2025-07-02,0,7190,0
2025-07-03,3,7451,0.00040263051939337
2025-07-04,0,7013,0
2025-07-05,1,4689,0.00021326508850501172
2025-07-06,0,4335,0
2025-07-07,0,7126,0
2025-07-08,0,7312,0
2025-07-09,4,7445,0.0005372733378106112
2025-07-10,3,7364,0.0004073872895165671
2025-07-11,1,6953,0.00014382281029771322
2025-07-12,0,4747,0
2025-07-13,0,4493,0
2025-07-14,0,7046,0
2025-07-15,0,7307,0
2025-07-16,1,7222,0.00013846579894765993
2025-07-17,0,7270,0
2025-07-18,0,6860,0
2025-07-19,0,4813,0
2025-07-20,2,4628,0.000432152117545376
2025-07-21,1,6957,0.00014374011786689664
2025-07-22,0,7338,0
2025-07-23,0,7330,0
2025-07-24,0,7371,0
2025-07-25,1,6942,0.00014405070584845865
2025-07-26,0,4623,0
2025-07-27,0,4443,0
2025-07-28,3,7190,0.0004172461752433936
2025-07-29,1,7281,0.0001373437714599643
2025-07-30,0,7389,0
2025-07-31,1,7408,0.0001349892008639309
2025-08-01,0,6895,0
2025-08-02,1,4757,0.00021021652301870928
2025-08-03,0,4399,0
2025-08-04,0,7131,0
2025-08-05,1,7301,0.00013696753869332968
2025-08-06,4,7351,0.0005441436539246361
2025-08-07,1,7572,0.00013206550449022716
2025-08-08,1,7165,0.00013956734124214934
2025-08-09,0,4798,0
2025-08-10,0,4513,0
2025-08-11,0,6808,0
2025-08-12,0,7279,0
2025-08-13,0,7364,0
2025-08-14,4,7136,0.0005605381165919282
2025-08-15,0,7085,0
2025-08-16,0,4991,0
2025-08-17,0,4475,0
2025-08-18,1,7292,0.00013713658804168953
2025-08-19,0,7227,0
2025-08-20,1,6954,0.0001438021282714984
2025-08-21,0,7329,0
2025-08-22,0,6741,0
2025-08-23,1,4667,0.00021427040925648167
2025-08-24,1,4669,0.00021417862497322766
2025-08-25,0,6790,0
2025-08-26,3,7148,0.00041969781757134864
2025-08-27,0,7049,0
2025-08-28,0,7295,0
2025-08-29,1,6890,0.00014513788098693758
2025-08-30,1,4905,0.00020387359836901122
2025-08-31,0,4516,0
2025-09-01,0,6922,0
2025-09-02,0,7207,0
2025-09-03,1,7371,0.000135666802333469
2025-09-04,1,7181,0.0001392563709789723
2025-09-05,2,7062,0.0002832058906825262
2025-09-06,0,4466,0
2025-09-07,0,4379,0
2025-09-08,1,6921,0.00014448779078167894
2025-09-09,0,7219,0
2025-09-10,0,7185,0
2025-09-11,2,7153,0.0002796029637914162
2025-09-12,2,6883,0.0002905709719599012
2025-09-13,1,4630,0.00021598272138228941
2025-09-14,0,4318,0
2025-09-15,0,6917,0
2025-09-16,0,7034,0
2025-09-17,0,7232,0
2025-09-18,1,7263,0.00013768415255404102
2025-09-19,1,6816,0.00014671361502347418
2025-09-20,0,4549,0
2025-09-21,0,4350,0
2025-09-22,3,7091,0.0004230714990833451
2025-09-23,0,7260,0
2025-09-24,2,7345,0.0002722940776038121
2025-09-25,0,7421,0
2025-09-26,1,7173,0.00013941168269901018
2025-09-27,0,4689,0
2025-09-28,1,4556,0.00021949078138718174
2025-09-29,1,7112,0.00014060742407199101
2025-09-30,0,7229,0
2025-10-01,0,7252,0
2025-10-02,2,7410,0.0002699055330634278
2025-10-03,0,6943,0
2025-10-04,0,4657,0
2025-10-05,0,4581,0
2025-10-06,2,7083,0.00028236622899901174
2025-10-07,2,7355,0.00027192386131883074
2025-10-08,1,7313,0.00013674278681799536
2025-10-09,0,7424,0
2025-10-10,0,7235,0
2025-10-11,0,4706,0
2025-10-12,0,4514,0
2025-10-13,1,7297,0.00013704262025489926
2025-10-14,0,7354,0
2025-10-15,0,7282,0
2025-10-16,0,7401,0
2025-10-17,0,7271,0
2025-10-18,0,4635,0
2025-10-19,0,4413,0
2025-10-20,0,7171,0
2025-10-21,0,7328,0
2025-10-22,0,7631,0
2025-10-23,1,7588,0.00013178703215603585
2025-10-24,2,7007,0.0002854288568574283
2025-10-25,0,4511,0
2025-10-26,0,4411,0
2025-10-27,0,7001,0
2025-10-28,1,7255,0.00013783597518952445
2025-10-29,0,7079,0
2025-10-30,0,7120,0
2025-10-31,1,6864,0.0001456876456876457
2025-11-01,0,5166,0
2025-11-02,1,4422,0.0002261420171867933
2025-11-03,0,6091,0
2025-11-04,0,6538,0
2025-11-05,0,7257,0
2025-11-06,0,7226,0
2025-11-07,0,7048,0
2025-11-08,0,4618,0
2025-11-09,0,4338,0
2025-11-10,0,6974,0
2025-11-11,0,7235,0
2025-11-12,1,7396,0.00013520822065981613
2025-11-13,0,7472,0
2025-11-14,0,6967,0
2025-11-15,0,4486,0
2025-11-16,2,4296,0.0004655493482309125
2025-11-17,1,7033,0.00014218683349921798
2025-11-18,0,6903,0
2025-11-19,1,7413,0.00013489815189531904
2025-11-20,0,7351,0
2025-11-21,0,6774,0
2025-11-22,0,4434,0
2025-11-23,1,4344,0.00023020257826887662
2025-11-24,1,6801,0.00014703720041170417
2025-11-25,2,7177,0.00027866796711717987
2025-11-26,1,7393,0.00013526308670363857
2025-11-27,0,7385,0
2025-11-28,1,6985,0.00014316392269148176
2025-11-29,0,4526,0
2025-11-30,0,4476,0
2025-12-01,0,7100,0
2025-12-02,0,7134,0
2025-12-03,1,7437,0.0001344628210299852
2025-12-04,0,7381,0
2025-12-05,0,7024,0
2025-12-06,0,4517,0
2025-12-07,0,4412,0
2025-12-08,1,6942,0.00014405070584845865
2025-12-09,0,7211,0
2025-12-10,0,7092,0
2025-12-11,0,7377,0
2025-12-12,0,6641,0
2025-12-13,0,4658,0
2025-12-14,1,4454,0.000224517287831163
2025-12-15,2,7129,0.00028054425585636136
2025-12-16,3,7237,0.00041453641011468843
2025-12-17,1,7456,0.00013412017167381974
2025-12-18,0,7486,0
2025-12-19,0,7176,0
2025-12-20,0,4707,0
2025-12-21,1,4297,0.00023272050267628578
2025-12-22,1,6843,0.00014613473622680112
2025-12-23,0,7226,0
2025-12-24,0,6781,0
2025-12-25,0,6173,0
2025-12-26,0,6565,0
2025-12-27,0,4627,0
2025-12-28,0,4498,0
2025-12-29,0,6867,0
2025-12-30,1,6663,0.00015008254539996998
2025-12-31,0,5380,0
2026-01-01,2,4680,0.00042735042735042735
2026-01-02,0,5376,0
2026-01-03,0,4738,0
2026-01-04,1,4353,0.00022972662531587412
2026-01-05,0,5983,0
2026-01-06,0,6053,0
2026-01-07,1,6382,0.00015669069257286117
2026-01-08,0,6252,0
2026-01-09,0,6183,0
2026-01-10,0,4584,0
2026-01-11,0,4502,0
2026-01-12,0,7114,0
2026-01-13,0,7168,0
2026-01-14,0,7342,0
2026-01-15,0,7494,0
2026-01-16,1,7067,0.00014150275930380644
2026-01-17,0,4835,0
2026-01-18,0,4482,0
2026-01-19,1,7041,0.000142025280499929
2026-01-20,0,7419,0
2026-01-21,1,7303,0.00013693002875530603
2026-01-22,1,7273,0.00013749484394335213
2026-01-23,0,6985,0
2026-01-24,0,4546,0
2026-01-25,0,4558,0
2026-01-26,2,6812,0.0002935995302407516
2026-01-27,1,7213,0.00013863856924996534
2026-01-28,0,7315,0
2026-01-29,1,7355,0.00013596193065941537
2026-01-30,0,6910,0
2026-01-31,1,4590,0.00021786492374727668
2026-02-01,0,4437,0
2026-02-02,0,6804,0
2026-02-03,1,7303,0.00013693002875530603
2026-02-04,0,7112,0
2026-02-05,0,7198,0
2026-02-06,1,6834,0.0001463271875914545
2026-02-07,3,4689,0.0006397952655150352
2026-02-08,1,4276,0.00023386342376052386
2026-02-09,0,7126,0
2026-02-10,0,7461,0
2026-02-11,0,7557,0
2026-02-12,1,7848,0.00012742099898063202
2026-02-13,0,7478,0
2026-02-14,5,5036,0.0009928514694201747
2026-02-15,0,4630,0
2026-02-16,0,7662,0
2026-02-17,0,7760,0
2026-02-18,0,7818,0
2026-02-19,0,7826,0
2026-02-20,0,7503,0
2026-02-21,0,5020,0
2026-02-22,1,4858,0.0002058460271716756
2026-02-23,0,6873,0
